district,neighborhood,hashtags,source
Charlottenburg-Wilmersdorf,Charlottenburg,#well_connected_mobility,mobility: rule-based
Charlottenburg-Wilmersdorf,Charlottenburg,#vibrant_venues,vibrancy: rule-based
Charlottenburg-Wilmersdorf,Charlottenburg,#high_playground_density,playgrounds_density: rule-based
Charlottenburg-Wilmersdorf,Charlottenburg,#average_green_share,green_share: rule-based
Charlottenburg-Wilmersdorf,Charlottenburg-Nord,#well_connected_mobility,mobility: rule-based
Charlottenburg-Wilmersdorf,Charlottenburg-Nord,#sparse_venues,vibrancy: rule-based
Charlottenburg-Wilmersdorf,Charlottenburg-Nord,#low_playground_density,playgrounds_density: rule-based
Charlottenburg-Wilmersdorf,Charlottenburg-Nord,#high_green_share,green_share: rule-based
Charlottenburg-Wilmersdorf,Grunewald,#remote_mobility,mobility: rule-based
Charlottenburg-Wilmersdorf,Grunewald,#sparse_venues,vibrancy: rule-based
Charlottenburg-Wilmersdorf,Grunewald,#low_playground_density,playgrounds_density: rule-based
Charlottenburg-Wilmersdorf,Grunewald,#low_green_share,green_share: rule-based
Charlottenburg-Wilmersdorf,Halensee,#moderate_mobility,mobility: rule-based
Charlottenburg-Wilmersdorf,Halensee,#vibrant_venues,vibrancy: rule-based
Charlottenburg-Wilmersdorf,Halensee,#high_playground_density,playgrounds_density: rule-based
Charlottenburg-Wilmersdorf,Halensee,#low_green_share,green_share: rule-based
Charlottenburg-Wilmersdorf,Schmargendorf,#moderate_mobility,mobility: rule-based
Charlottenburg-Wilmersdorf,Schmargendorf,#vibrant_venues,vibrancy: rule-based
Charlottenburg-Wilmersdorf,Schmargendorf,#high_playground_density,playgrounds_density: rule-based
Charlottenburg-Wilmersdorf,Schmargendorf,#average_green_share,green_share: rule-based
Charlottenburg-Wilmersdorf,Westend,#moderate_mobility,mobility: rule-based
Charlottenburg-Wilmersdorf,Westend,#vibrant_venues,vibrancy: rule-based
Charlottenburg-Wilmersdorf,Westend,#low_playground_density,playgrounds_density: rule-based
Charlottenburg-Wilmersdorf,Westend,#average_green_share,green_share: rule-based
Charlottenburg-Wilmersdorf,Wilmersdorf,#well_connected_mobility,mobility: rule-based
Charlottenburg-Wilmersdorf,Wilmersdorf,#vibrant_venues,vibrancy: rule-based
Charlottenburg-Wilmersdorf,Wilmersdorf,#high_playground_density,playgrounds_density: rule-based
Charlottenburg-Wilmersdorf,Wilmersdorf,#average_green_share,green_share: rule-based
Friedrichshain-Kreuzberg,Friedrichshain,#well_connected_mobility,mobility: rule-based
Friedrichshain-Kreuzberg,Friedrichshain,#vibrant_venues,vibrancy: rule-based
Friedrichshain-Kreuzberg,Friedrichshain,#high_playground_density,playgrounds_density: rule-based
Friedrichshain-Kreuzberg,Friedrichshain,#average_green_share,green_share: rule-based
Friedrichshain-Kreuzberg,Kreuzberg,#well_connected_mobility,mobility: rule-based
Friedrichshain-Kreuzberg,Kreuzberg,#vibrant_venues,vibrancy: rule-based
Friedrichshain-Kreuzberg,Kreuzberg,#high_playground_density,playgrounds_density: rule-based
Friedrichshain-Kreuzberg,Kreuzberg,#high_green_share,green_share: rule-based
Lichtenberg,Alt-Hohenschönhausen,#moderate_mobility,mobility: rule-based
Lichtenberg,Alt-Hohenschönhausen,#average_venues,vibrancy: rule-based
Lichtenberg,Alt-Hohenschönhausen,#average_playground_density,playgrounds_density: rule-based
Lichtenberg,Alt-Hohenschönhausen,#average_green_share,green_share: rule-based
Lichtenberg,Falkenberg,#remote_mobility,mobility: rule-based
Lichtenberg,Falkenberg,#sparse_venues,vibrancy: rule-based
Lichtenberg,Falkenberg,#low_playground_density,playgrounds_density: rule-based
Lichtenberg,Falkenberg,#high_green_share,green_share: rule-based
Lichtenberg,Fennpfuhl,#moderate_mobility,mobility: rule-based
Lichtenberg,Fennpfuhl,#vibrant_venues,vibrancy: rule-based
Lichtenberg,Fennpfuhl,#high_playground_density,playgrounds_density: rule-based
Lichtenberg,Fennpfuhl,#high_green_share,green_share: rule-based
Lichtenberg,Friedrichsfelde,#well_connected_mobility,mobility: rule-based
Lichtenberg,Friedrichsfelde,#sparse_venues,vibrancy: rule-based
Lichtenberg,Friedrichsfelde,#high_playground_density,playgrounds_density: rule-based
Lichtenberg,Friedrichsfelde,#high_green_share,green_share: rule-based
Lichtenberg,Karlshorst,#moderate_mobility,mobility: rule-based
Lichtenberg,Karlshorst,#average_venues,vibrancy: rule-based
Lichtenberg,Karlshorst,#high_playground_density,playgrounds_density: rule-based
Lichtenberg,Karlshorst,#average_green_share,green_share: rule-based
Lichtenberg,Lichtenberg,#moderate_mobility,mobility: rule-based
Lichtenberg,Lichtenberg,#average_venues,vibrancy: rule-based
Lichtenberg,Lichtenberg,#high_playground_density,playgrounds_density: rule-based
Lichtenberg,Lichtenberg,#high_green_share,green_share: rule-based
Lichtenberg,Malchow,#remote_mobility,mobility: rule-based
Lichtenberg,Malchow,#sparse_venues,vibrancy: rule-based
Lichtenberg,Malchow,#high_playground_density,playgrounds_density: rule-based
Lichtenberg,Malchow,#high_green_share,green_share: rule-based
Lichtenberg,Neu-Hohenschönhausen,#moderate_mobility,mobility: rule-based
Lichtenberg,Neu-Hohenschönhausen,#sparse_venues,vibrancy: rule-based
Lichtenberg,Neu-Hohenschönhausen,#high_playground_density,playgrounds_density: rule-based
Lichtenberg,Neu-Hohenschönhausen,#high_green_share,green_share: rule-based
Lichtenberg,Rummelsburg,#well_connected_mobility,mobility: rule-based
Lichtenberg,Rummelsburg,#vibrant_venues,vibrancy: rule-based
Lichtenberg,Rummelsburg,#high_playground_density,playgrounds_density: rule-based
Lichtenberg,Rummelsburg,#low_green_share,green_share: rule-based
Lichtenberg,Wartenberg,#remote_mobility,mobility: rule-based
Lichtenberg,Wartenberg,#sparse_venues,vibrancy: rule-based
Lichtenberg,Wartenberg,#low_playground_density,playgrounds_density: rule-based
Lichtenberg,Wartenberg,#high_green_share,green_share: rule-based
Marzahn-Hellersdorf,Biesdorf,#remote_mobility,mobility: rule-based
Marzahn-Hellersdorf,Biesdorf,#average_venues,vibrancy: rule-based
Marzahn-Hellersdorf,Biesdorf,#low_playground_density,playgrounds_density: rule-based
Marzahn-Hellersdorf,Biesdorf,#high_green_share,green_share: rule-based
Marzahn-Hellersdorf,Hellersdorf,#well_connected_mobility,mobility: rule-based
Marzahn-Hellersdorf,Hellersdorf,#average_venues,vibrancy: rule-based
Marzahn-Hellersdorf,Hellersdorf,#high_playground_density,playgrounds_density: rule-based
Marzahn-Hellersdorf,Hellersdorf,#high_green_share,green_share: rule-based
Marzahn-Hellersdorf,Kaulsdorf,#moderate_mobility,mobility: rule-based
Marzahn-Hellersdorf,Kaulsdorf,#sparse_venues,vibrancy: rule-based
Marzahn-Hellersdorf,Kaulsdorf,#low_playground_density,playgrounds_density: rule-based
Marzahn-Hellersdorf,Kaulsdorf,#average_green_share,green_share: rule-based
Marzahn-Hellersdorf,Mahlsdorf,#moderate_mobility,mobility: rule-based
Marzahn-Hellersdorf,Mahlsdorf,#average_venues,vibrancy: rule-based
Marzahn-Hellersdorf,Mahlsdorf,#low_playground_density,playgrounds_density: rule-based
Marzahn-Hellersdorf,Mahlsdorf,#low_green_share,green_share: rule-based
Marzahn-Hellersdorf,Marzahn,#moderate_mobility,mobility: rule-based
Marzahn-Hellersdorf,Marzahn,#average_venues,vibrancy: rule-based
Marzahn-Hellersdorf,Marzahn,#high_playground_density,playgrounds_density: rule-based
Marzahn-Hellersdorf,Marzahn,#high_green_share,green_share: rule-based
Mitte,Gesundbrunnen,#well_connected_mobility,mobility: rule-based
Mitte,Gesundbrunnen,#vibrant_venues,vibrancy: rule-based
Mitte,Gesundbrunnen,#high_playground_density,playgrounds_density: rule-based
Mitte,Gesundbrunnen,#low_green_share,green_share: rule-based
Mitte,Hansaviertel,#well_connected_mobility,mobility: rule-based
Mitte,Hansaviertel,#vibrant_venues,vibrancy: rule-based
Mitte,Hansaviertel,#low_playground_density,playgrounds_density: rule-based
Mitte,Hansaviertel,#high_green_share,green_share: rule-based
Mitte,Mitte,#well_connected_mobility,mobility: rule-based
Mitte,Mitte,#vibrant_venues,vibrancy: rule-based
Mitte,Mitte,#high_playground_density,playgrounds_density: rule-based
Mitte,Mitte,#high_green_share,green_share: rule-based
Mitte,Moabit,#well_connected_mobility,mobility: rule-based
Mitte,Moabit,#vibrant_venues,vibrancy: rule-based
Mitte,Moabit,#high_playground_density,playgrounds_density: rule-based
Mitte,Moabit,#high_green_share,green_share: rule-based
Mitte,Tiergarten,#well_connected_mobility,mobility: rule-based
Mitte,Tiergarten,#vibrant_venues,vibrancy: rule-based
Mitte,Tiergarten,#high_playground_density,playgrounds_density: rule-based
Mitte,Tiergarten,#high_green_share,green_share: rule-based
Mitte,Wedding,#well_connected_mobility,mobility: rule-based
Mitte,Wedding,#vibrant_venues,vibrancy: rule-based
Mitte,Wedding,#high_playground_density,playgrounds_density: rule-based
Mitte,Wedding,#high_green_share,green_share: rule-based
Neukölln,Britz,#moderate_mobility,mobility: rule-based
Neukölln,Britz,#average_venues,vibrancy: rule-based
Neukölln,Britz,#high_playground_density,playgrounds_density: rule-based
Neukölln,Britz,#high_green_share,green_share: rule-based
Neukölln,Buckow,#well_connected_mobility,mobility: rule-based
Neukölln,Buckow,#vibrant_venues,vibrancy: rule-based
Neukölln,Buckow,#average_playground_density,playgrounds_density: rule-based
Neukölln,Buckow,#average_green_share,green_share: rule-based
Neukölln,Gropiusstadt,#well_connected_mobility,mobility: rule-based
Neukölln,Gropiusstadt,#average_venues,vibrancy: rule-based
Neukölln,Gropiusstadt,#high_playground_density,playgrounds_density: rule-based
Neukölln,Gropiusstadt,#high_green_share,green_share: rule-based
Neukölln,Neukölln,#well_connected_mobility,mobility: rule-based
Neukölln,Neukölln,#vibrant_venues,vibrancy: rule-based
Neukölln,Neukölln,#high_playground_density,playgrounds_density: rule-based
Neukölln,Neukölln,#average_green_share,green_share: rule-based
Neukölln,Rudow,#well_connected_mobility,mobility: rule-based
Neukölln,Rudow,#average_venues,vibrancy: rule-based
Neukölln,Rudow,#average_playground_density,playgrounds_density: rule-based
Neukölln,Rudow,#average_green_share,green_share: rule-based
Pankow,Blankenburg,#moderate_mobility,mobility: rule-based
Pankow,Blankenburg,#sparse_venues,vibrancy: rule-based
Pankow,Blankenburg,#low_playground_density,playgrounds_density: rule-based
Pankow,Blankenburg,#average_green_share,green_share: rule-based
Pankow,Blankenfelde,#remote_mobility,mobility: rule-based
Pankow,Blankenfelde,#sparse_venues,vibrancy: rule-based
Pankow,Blankenfelde,#low_playground_density,playgrounds_density: rule-based
Pankow,Blankenfelde,#average_green_share,green_share: rule-based
Pankow,Buch,#remote_mobility,mobility: rule-based
Pankow,Buch,#sparse_venues,vibrancy: rule-based
Pankow,Buch,#low_playground_density,playgrounds_density: rule-based
Pankow,Buch,#average_green_share,green_share: rule-based
Pankow,Französisch Buchholz,#remote_mobility,mobility: rule-based
Pankow,Französisch Buchholz,#sparse_venues,vibrancy: rule-based
Pankow,Französisch Buchholz,#low_playground_density,playgrounds_density: rule-based
Pankow,Französisch Buchholz,#average_green_share,green_share: rule-based
Pankow,Heinersdorf,#remote_mobility,mobility: rule-based
Pankow,Heinersdorf,#sparse_venues,vibrancy: rule-based
Pankow,Heinersdorf,#low_playground_density,playgrounds_density: rule-based
Pankow,Heinersdorf,#average_green_share,green_share: rule-based
Pankow,Karow,#remote_mobility,mobility: rule-based
Pankow,Karow,#sparse_venues,vibrancy: rule-based
Pankow,Karow,#average_playground_density,playgrounds_density: rule-based
Pankow,Karow,#average_green_share,green_share: rule-based
Pankow,Niederschönhausen,#well_connected_mobility,mobility: rule-based
Pankow,Niederschönhausen,#average_venues,vibrancy: rule-based
Pankow,Niederschönhausen,#high_playground_density,playgrounds_density: rule-based
Pankow,Niederschönhausen,#high_green_share,green_share: rule-based
Pankow,Pankow,#well_connected_mobility,mobility: rule-based
Pankow,Pankow,#vibrant_venues,vibrancy: rule-based
Pankow,Pankow,#high_playground_density,playgrounds_density: rule-based
Pankow,Pankow,#average_green_share,green_share: rule-based
Pankow,Prenzlauer Berg,#well_connected_mobility,mobility: rule-based
Pankow,Prenzlauer Berg,#vibrant_venues,vibrancy: rule-based
Pankow,Prenzlauer Berg,#high_playground_density,playgrounds_density: rule-based
Pankow,Prenzlauer Berg,#high_green_share,green_share: rule-based
Pankow,Rosenthal,#remote_mobility,mobility: rule-based
Pankow,Rosenthal,#sparse_venues,vibrancy: rule-based
Pankow,Rosenthal,#low_playground_density,playgrounds_density: rule-based
Pankow,Rosenthal,#low_green_share,green_share: rule-based
Pankow,Stadtrandsiedlung Malchow,#remote_mobility,mobility: rule-based
Pankow,Stadtrandsiedlung Malchow,#sparse_venues,vibrancy: rule-based
Pankow,Stadtrandsiedlung Malchow,#low_playground_density,playgrounds_density: rule-based
Pankow,Stadtrandsiedlung Malchow,#high_green_share,green_share: rule-based
Pankow,Weißensee,#well_connected_mobility,mobility: rule-based
Pankow,Weißensee,#vibrant_venues,vibrancy: rule-based
Pankow,Weißensee,#high_playground_density,playgrounds_density: rule-based
Pankow,Weißensee,#average_green_share,green_share: rule-based
Pankow,Wilhelmsruh,#well_connected_mobility,mobility: rule-based
Pankow,Wilhelmsruh,#average_venues,vibrancy: rule-based
Pankow,Wilhelmsruh,#high_playground_density,playgrounds_density: rule-based
Pankow,Wilhelmsruh,#low_green_share,green_share: rule-based
Reinickendorf,Borsigwalde,#moderate_mobility,mobility: rule-based
Reinickendorf,Borsigwalde,#average_venues,vibrancy: rule-based
Reinickendorf,Borsigwalde,#average_playground_density,playgrounds_density: rule-based
Reinickendorf,Borsigwalde,#low_green_share,green_share: rule-based
Reinickendorf,Frohnau,#remote_mobility,mobility: rule-based
Reinickendorf,Frohnau,#sparse_venues,vibrancy: rule-based
Reinickendorf,Frohnau,#low_playground_density,playgrounds_density: rule-based
Reinickendorf,Frohnau,#average_green_share,green_share: rule-based
Reinickendorf,Heiligensee,#remote_mobility,mobility: rule-based
Reinickendorf,Heiligensee,#sparse_venues,vibrancy: rule-based
Reinickendorf,Heiligensee,#low_playground_density,playgrounds_density: rule-based
Reinickendorf,Heiligensee,#average_green_share,green_share: rule-based
Reinickendorf,Hermsdorf,#moderate_mobility,mobility: rule-based
Reinickendorf,Hermsdorf,#average_venues,vibrancy: rule-based
Reinickendorf,Hermsdorf,#low_playground_density,playgrounds_density: rule-based
Reinickendorf,Hermsdorf,#high_green_share,green_share: rule-based
Reinickendorf,Konradshöhe,#remote_mobility,mobility: rule-based
Reinickendorf,Konradshöhe,#sparse_venues,vibrancy: rule-based
Reinickendorf,Konradshöhe,#low_playground_density,playgrounds_density: rule-based
Reinickendorf,Konradshöhe,#low_green_share,green_share: rule-based
Reinickendorf,Lübars,#remote_mobility,mobility: rule-based
Reinickendorf,Lübars,#sparse_venues,vibrancy: rule-based
Reinickendorf,Lübars,#low_playground_density,playgrounds_density: rule-based
Reinickendorf,Lübars,#high_green_share,green_share: rule-based
Reinickendorf,Märkisches Viertel,#well_connected_mobility,mobility: rule-based
Reinickendorf,Märkisches Viertel,#sparse_venues,vibrancy: rule-based
Reinickendorf,Märkisches Viertel,#high_playground_density,playgrounds_density: rule-based
Reinickendorf,Märkisches Viertel,#average_green_share,green_share: rule-based
Reinickendorf,Reinickendorf,#well_connected_mobility,mobility: rule-based
Reinickendorf,Reinickendorf,#vibrant_venues,vibrancy: rule-based
Reinickendorf,Reinickendorf,#high_playground_density,playgrounds_density: rule-based
Reinickendorf,Reinickendorf,#average_green_share,green_share: rule-based
Reinickendorf,Tegel,#remote_mobility,mobility: rule-based
Reinickendorf,Tegel,#vibrant_venues,vibrancy: rule-based
Reinickendorf,Tegel,#low_playground_density,playgrounds_density: rule-based
Reinickendorf,Tegel,#average_green_share,green_share: rule-based
Reinickendorf,Waidmannslust,#moderate_mobility,mobility: rule-based
Reinickendorf,Waidmannslust,#average_venues,vibrancy: rule-based
Reinickendorf,Waidmannslust,#high_playground_density,playgrounds_density: rule-based
Reinickendorf,Waidmannslust,#high_green_share,green_share: rule-based
Reinickendorf,Wittenau,#well_connected_mobility,mobility: rule-based
Reinickendorf,Wittenau,#average_venues,vibrancy: rule-based
Reinickendorf,Wittenau,#low_playground_density,playgrounds_density: rule-based
Reinickendorf,Wittenau,#average_green_share,green_share: rule-based
Spandau,Falkenhagener Feld,#moderate_mobility,mobility: rule-based
Spandau,Falkenhagener Feld,#sparse_venues,vibrancy: rule-based
Spandau,Falkenhagener Feld,#high_playground_density,playgrounds_density: rule-based
Spandau,Falkenhagener Feld,#high_green_share,green_share: rule-based
Spandau,Gatow,#remote_mobility,mobility: rule-based
Spandau,Gatow,#sparse_venues,vibrancy: rule-based
Spandau,Gatow,#low_playground_density,playgrounds_density: rule-based
Spandau,Gatow,#average_green_share,green_share: rule-based
Spandau,Hakenfelde,#remote_mobility,mobility: rule-based
Spandau,Hakenfelde,#sparse_venues,vibrancy: rule-based
Spandau,Hakenfelde,#low_playground_density,playgrounds_density: rule-based
Spandau,Hakenfelde,#low_green_share,green_share: rule-based
Spandau,Haselhorst,#moderate_mobility,mobility: rule-based
Spandau,Haselhorst,#sparse_venues,vibrancy: rule-based
Spandau,Haselhorst,#average_playground_density,playgrounds_density: rule-based
Spandau,Haselhorst,#average_green_share,green_share: rule-based
Spandau,Kladow,#remote_mobility,mobility: rule-based
Spandau,Kladow,#sparse_venues,vibrancy: rule-based
Spandau,Kladow,#low_playground_density,playgrounds_density: rule-based
Spandau,Kladow,#average_green_share,green_share: rule-based
Spandau,Siemensstadt,#remote_mobility,mobility: rule-based
Spandau,Siemensstadt,#average_venues,vibrancy: rule-based
Spandau,Siemensstadt,#low_playground_density,playgrounds_density: rule-based
Spandau,Siemensstadt,#average_green_share,green_share: rule-based
Spandau,Spandau,#well_connected_mobility,mobility: rule-based
Spandau,Spandau,#vibrant_venues,vibrancy: rule-based
Spandau,Spandau,#high_playground_density,playgrounds_density: rule-based
Spandau,Spandau,#average_green_share,green_share: rule-based
Spandau,Staaken,#moderate_mobility,mobility: rule-based
Spandau,Staaken,#average_venues,vibrancy: rule-based
Spandau,Staaken,#low_playground_density,playgrounds_density: rule-based
Spandau,Staaken,#high_green_share,green_share: rule-based
Spandau,Wilhelmstadt,#remote_mobility,mobility: rule-based
Spandau,Wilhelmstadt,#average_venues,vibrancy: rule-based
Spandau,Wilhelmstadt,#average_playground_density,playgrounds_density: rule-based
Spandau,Wilhelmstadt,#average_green_share,green_share: rule-based
Steglitz-Zehlendorf,Dahlem,#moderate_mobility,mobility: rule-based
Steglitz-Zehlendorf,Dahlem,#average_venues,vibrancy: rule-based
Steglitz-Zehlendorf,Dahlem,#low_playground_density,playgrounds_density: rule-based
Steglitz-Zehlendorf,Dahlem,#average_green_share,green_share: rule-based
Steglitz-Zehlendorf,Lankwitz,#moderate_mobility,mobility: rule-based
Steglitz-Zehlendorf,Lankwitz,#average_venues,vibrancy: rule-based
Steglitz-Zehlendorf,Lankwitz,#high_playground_density,playgrounds_density: rule-based
Steglitz-Zehlendorf,Lankwitz,#average_green_share,green_share: rule-based
Steglitz-Zehlendorf,Lichterfelde,#moderate_mobility,mobility: rule-based
Steglitz-Zehlendorf,Lichterfelde,#vibrant_venues,vibrancy: rule-based
Steglitz-Zehlendorf,Lichterfelde,#average_playground_density,playgrounds_density: rule-based
Steglitz-Zehlendorf,Lichterfelde,#average_green_share,green_share: rule-based
Steglitz-Zehlendorf,Nikolassee,#remote_mobility,mobility: rule-based
Steglitz-Zehlendorf,Nikolassee,#average_venues,vibrancy: rule-based
Steglitz-Zehlendorf,Nikolassee,#low_playground_density,playgrounds_density: rule-based
Steglitz-Zehlendorf,Nikolassee,#low_green_share,green_share: rule-based
Steglitz-Zehlendorf,Steglitz,#well_connected_mobility,mobility: rule-based
Steglitz-Zehlendorf,Steglitz,#vibrant_venues,vibrancy: rule-based
Steglitz-Zehlendorf,Steglitz,#high_playground_density,playgrounds_density: rule-based
Steglitz-Zehlendorf,Steglitz,#average_green_share,green_share: rule-based
Steglitz-Zehlendorf,Wannsee,#remote_mobility,mobility: rule-based
Steglitz-Zehlendorf,Wannsee,#average_venues,vibrancy: rule-based
Steglitz-Zehlendorf,Wannsee,#low_playground_density,playgrounds_density: rule-based
Steglitz-Zehlendorf,Wannsee,#average_green_share,green_share: rule-based
Steglitz-Zehlendorf,Zehlendorf,#moderate_mobility,mobility: rule-based
Steglitz-Zehlendorf,Zehlendorf,#vibrant_venues,vibrancy: rule-based
Steglitz-Zehlendorf,Zehlendorf,#average_playground_density,playgrounds_density: rule-based
Steglitz-Zehlendorf,Zehlendorf,#average_green_share,green_share: rule-based
Tempelhof-Schöneberg,Friedenau,#well_connected_mobility,mobility: rule-based
Tempelhof-Schöneberg,Friedenau,#vibrant_venues,vibrancy: rule-based
Tempelhof-Schöneberg,Friedenau,#high_playground_density,playgrounds_density: rule-based
Tempelhof-Schöneberg,Friedenau,#low_green_share,green_share: rule-based
Tempelhof-Schöneberg,Lichtenrade,#well_connected_mobility,mobility: rule-based
Tempelhof-Schöneberg,Lichtenrade,#average_venues,vibrancy: rule-based
Tempelhof-Schöneberg,Lichtenrade,#average_playground_density,playgrounds_density: rule-based
Tempelhof-Schöneberg,Lichtenrade,#low_green_share,green_share: rule-based
Tempelhof-Schöneberg,Mariendorf,#moderate_mobility,mobility: rule-based
Tempelhof-Schöneberg,Mariendorf,#vibrant_venues,vibrancy: rule-based
Tempelhof-Schöneberg,Mariendorf,#average_playground_density,playgrounds_density: rule-based
Tempelhof-Schöneberg,Mariendorf,#average_green_share,green_share: rule-based
Tempelhof-Schöneberg,Marienfelde,#moderate_mobility,mobility: rule-based
Tempelhof-Schöneberg,Marienfelde,#average_venues,vibrancy: rule-based
Tempelhof-Schöneberg,Marienfelde,#low_playground_density,playgrounds_density: rule-based
Tempelhof-Schöneberg,Marienfelde,#average_green_share,green_share: rule-based
Tempelhof-Schöneberg,Schöneberg,#well_connected_mobility,mobility: rule-based
Tempelhof-Schöneberg,Schöneberg,#vibrant_venues,vibrancy: rule-based
Tempelhof-Schöneberg,Schöneberg,#high_playground_density,playgrounds_density: rule-based
Tempelhof-Schöneberg,Schöneberg,#average_green_share,green_share: rule-based
Tempelhof-Schöneberg,Tempelhof,#well_connected_mobility,mobility: rule-based
Tempelhof-Schöneberg,Tempelhof,#vibrant_venues,vibrancy: rule-based
Tempelhof-Schöneberg,Tempelhof,#average_playground_density,playgrounds_density: rule-based
Tempelhof-Schöneberg,Tempelhof,#high_green_share,green_share: rule-based
Treptow-Köpenick,Adlershof,#moderate_mobility,mobility: rule-based
Treptow-Köpenick,Adlershof,#vibrant_venues,vibrancy: rule-based
Treptow-Köpenick,Adlershof,#average_playground_density,playgrounds_density: rule-based
Treptow-Köpenick,Adlershof,#low_green_share,green_share: rule-based
Treptow-Köpenick,Alt-Treptow,#moderate_mobility,mobility: rule-based
Treptow-Köpenick,Alt-Treptow,#vibrant_venues,vibrancy: rule-based
Treptow-Köpenick,Alt-Treptow,#high_playground_density,playgrounds_density: rule-based
Treptow-Köpenick,Alt-Treptow,#high_green_share,green_share: rule-based
Treptow-Köpenick,Altglienicke,#moderate_mobility,mobility: rule-based
Treptow-Köpenick,Altglienicke,#average_venues,vibrancy: rule-based
Treptow-Köpenick,Altglienicke,#high_playground_density,playgrounds_density: rule-based
Treptow-Köpenick,Altglienicke,#high_green_share,green_share: rule-based
Treptow-Köpenick,Baumschulenweg,#moderate_mobility,mobility: rule-based
Treptow-Köpenick,Baumschulenweg,#average_venues,vibrancy: rule-based
Treptow-Köpenick,Baumschulenweg,#average_playground_density,playgrounds_density: rule-based
Treptow-Köpenick,Baumschulenweg,#average_green_share,green_share: rule-based
Treptow-Köpenick,Bohnsdorf,#remote_mobility,mobility: rule-based
Treptow-Köpenick,Bohnsdorf,#sparse_venues,vibrancy: rule-based
Treptow-Köpenick,Bohnsdorf,#low_playground_density,playgrounds_density: rule-based
Treptow-Köpenick,Bohnsdorf,#low_green_share,green_share: rule-based
Treptow-Köpenick,Friedrichshagen,#remote_mobility,mobility: rule-based
Treptow-Köpenick,Friedrichshagen,#average_venues,vibrancy: rule-based
Treptow-Köpenick,Friedrichshagen,#low_playground_density,playgrounds_density: rule-based
Treptow-Köpenick,Friedrichshagen,#low_green_share,green_share: rule-based
Treptow-Köpenick,Grünau,#remote_mobility,mobility: rule-based
Treptow-Köpenick,Grünau,#sparse_venues,vibrancy: rule-based
Treptow-Köpenick,Grünau,#low_playground_density,playgrounds_density: rule-based
Treptow-Köpenick,Grünau,#low_green_share,green_share: rule-based
Treptow-Köpenick,Johannisthal,#moderate_mobility,mobility: rule-based
Treptow-Köpenick,Johannisthal,#average_venues,vibrancy: rule-based
Treptow-Köpenick,Johannisthal,#high_playground_density,playgrounds_density: rule-based
Treptow-Köpenick,Johannisthal,#high_green_share,green_share: rule-based
Treptow-Köpenick,Köpenick,#remote_mobility,mobility: rule-based
Treptow-Köpenick,Köpenick,#average_venues,vibrancy: rule-based
Treptow-Köpenick,Köpenick,#low_playground_density,playgrounds_density: rule-based
Treptow-Köpenick,Köpenick,#low_green_share,green_share: rule-based
Treptow-Köpenick,Müggelheim,#remote_mobility,mobility: rule-based
Treptow-Köpenick,Müggelheim,#sparse_venues,vibrancy: rule-based
Treptow-Köpenick,Müggelheim,#low_playground_density,playgrounds_density: rule-based
Treptow-Köpenick,Müggelheim,#low_green_share,green_share: rule-based
Treptow-Köpenick,Niederschöneweide,#moderate_mobility,mobility: rule-based
Treptow-Köpenick,Niederschöneweide,#average_venues,vibrancy: rule-based
Treptow-Köpenick,Niederschöneweide,#high_playground_density,playgrounds_density: rule-based
Treptow-Köpenick,Niederschöneweide,#low_green_share,green_share: rule-based
Treptow-Köpenick,Oberschöneweide,#remote_mobility,mobility: rule-based
Treptow-Köpenick,Oberschöneweide,#average_venues,vibrancy: rule-based
Treptow-Köpenick,Oberschöneweide,#average_playground_density,playgrounds_density: rule-based
Treptow-Köpenick,Oberschöneweide,#high_green_share,green_share: rule-based
Treptow-Köpenick,Plänterwald,#moderate_mobility,mobility: rule-based
Treptow-Köpenick,Plänterwald,#sparse_venues,vibrancy: rule-based
Treptow-Köpenick,Plänterwald,#average_playground_density,playgrounds_density: rule-based
Treptow-Köpenick,Plänterwald,#average_green_share,green_share: rule-based
Treptow-Köpenick,Rahnsdorf,#remote_mobility,mobility: rule-based
Treptow-Köpenick,Rahnsdorf,#sparse_venues,vibrancy: rule-based
Treptow-Köpenick,Rahnsdorf,#low_playground_density,playgrounds_density: rule-based
Treptow-Köpenick,Rahnsdorf,#low_green_share,green_share: rule-based
Treptow-Köpenick,Schmöckwitz,#remote_mobility,mobility: rule-based
Treptow-Köpenick,Schmöckwitz,#sparse_venues,vibrancy: rule-based
Treptow-Köpenick,Schmöckwitz,#low_playground_density,playgrounds_density: rule-based
Treptow-Köpenick,Schmöckwitz,#low_green_share,green_share: rule-based
